,stock_n,year,brand,model,price
0,16237735,2013,Audi,A5 Premium,21998.0
1,16237784,2014,Audi,A5 Premium Plus,22998.0
2,16238238,2013,Audi,Q5 Premium Plus,26998.0
3,15411470,2013,Audi,RS5,41998.0
4,15952558,2015,BMW,X4 XDrive35i,34998.0
5,16568229,2013,Cadillac,ATS Premium,21998.0
6,16238577,2012,Cadillac,CTS Luxury,16998.0
7,16171245,2012,Chevrolet,Avalanche 1500 LT,21998.0
8,16171094,2012,Chevrolet,Avalanche 1500 LTZ,27998.0
9,16237838,2017,Chevrolet,Camaro LT,25998.0
10,16250805,2017,Chevrolet,Camaro LT,24599.0
11,15594791,2012,Chevrolet,Captiva Sport LT,9998.0
12,16238375,2017,Chevrolet,Colorado Work Truck,19998.0
13,16250158,2016,Chevrolet,Colorado Work Truck,18998.0
14,16238203,2016,Chevrolet,Colorado Z71,35998.0
15,15880016,2012,Chevrolet,Equinox LS,13998.0
16,16568203,2015,Chevrolet,Malibu LS,12998.0
17,16568328,2015,Chevrolet,Malibu LS,13998.0
18,16250755,2016,Chevrolet,Silverado 1500 Work Truck,22599.0
19,16238159,2015,Chevrolet,Sonic LT,10998.0
20,16171364,2014,Chevrolet,Spark LS,8998.0
21,16339119,2017,Chevrolet,Spark LS,11998.0
22,15325916,2015,Chevrolet,Suburban 1500 LT,36998.0
23,16568253,2016,Chevrolet,Suburban 1500 LTZ,48998.0
24,16238414,2017,Chevrolet,Tahoe LT,42998.0
25,16237779,2016,Chevrolet,Tahoe LTZ,43998.0
26,16171118,2017,Chevrolet,Traverse LT,21998.0
27,16250130,2016,Chevrolet,Trax LS,14998.0
28,16421065,2015,Chevrolet,Volt,16599.0
29,16237594,2015,Chrysler,200 Limited,12998.0
30,16250208,2015,Chrysler,200 Limited,13998.0
31,16338495,2015,Chrysler,200 Limited,12599.0
32,15660943,2016,Dodge,Challenger R/T Scat Pack,34998.0
33,16250312,2017,Dodge,Challenger SXT PLUS,25998.0
34,16497033,2015,Dodge,Charger SE,17998.0
35,16257029,2013,Dodge,Dart Aero,9998.0
36,16250436,2015,Dodge,Dart GT,14998.0
37,16171269,2017,Dodge,Durango SXT,27998.0
38,16238712,2013,Dodge,Journey SE,14998.0
39,16237691,2015,Dodge,Ram 1500 Tradesman,16998.0
40,16250279,2017,Fiat,124 Spider Classica,20998.0
41,16237396,2013,Fiat,500 Pop,8998.0
42,16238636,2013,Fiat,500 Sport,9998.0
43,16237966,2011,Ford,Edge Limited,17998.0
44,16171259,2008,Ford,Edge SE,12599.0
45,16597090,2017,Ford,Edge Titanium,24998.0
46,16170829,2014,Ford,Escape SE,16998.0
47,16238509,2018,Ford,Escape SEL,23998.0
48,16238213,2015,Ford,Explorer Limited,28998.0
49,16418320,2015,Ford,Explorer Limited,24998.0
50,16237735,2013,Audi,A5 Premium,21998.0
51,16237784,2014,Audi,A5 Premium Plus,22998.0
52,16238238,2013,Audi,Q5 Premium Plus,26998.0
53,15411470,2013,Audi,RS5,41998.0
54,15952558,2015,BMW,X4 XDrive35i,34998.0
55,16568229,2013,Cadillac,ATS Premium,21998.0
56,16238577,2012,Cadillac,CTS Luxury,16998.0
57,16171245,2012,Chevrolet,Avalanche 1500 LT,21998.0
58,16171094,2012,Chevrolet,Avalanche 1500 LTZ,27998.0
59,16237838,2017,Chevrolet,Camaro LT,25998.0
60,16250805,2017,Chevrolet,Camaro LT,24599.0
61,15594791,2012,Chevrolet,Captiva Sport LT,9998.0
62,16238375,2017,Chevrolet,Colorado Work Truck,19998.0
63,16250158,2016,Chevrolet,Colorado Work Truck,18998.0
64,16238203,2016,Chevrolet,Colorado Z71,35998.0
65,15880016,2012,Chevrolet,Equinox LS,13998.0
66,16568203,2015,Chevrolet,Malibu LS,12998.0
67,16568328,2015,Chevrolet,Malibu LS,13998.0
68,16250755,2016,Chevrolet,Silverado 1500 Work Truck,22599.0
69,16238159,2015,Chevrolet,Sonic LT,10998.0
70,16171364,2014,Chevrolet,Spark LS,8998.0
71,16339119,2017,Chevrolet,Spark LS,11998.0
72,15325916,2015,Chevrolet,Suburban 1500 LT,36998.0
73,16568253,2016,Chevrolet,Suburban 1500 LTZ,48998.0
74,16238414,2017,Chevrolet,Tahoe LT,42998.0
75,16237779,2016,Chevrolet,Tahoe LTZ,43998.0
76,16171118,2017,Chevrolet,Traverse LT,21998.0
77,16250130,2016,Chevrolet,Trax LS,14998.0
78,16421065,2015,Chevrolet,Volt,16599.0
79,16237594,2015,Chrysler,200 Limited,12998.0
80,16250208,2015,Chrysler,200 Limited,13998.0
81,16338495,2015,Chrysler,200 Limited,12599.0
82,15660943,2016,Dodge,Challenger R/T Scat Pack,34998.0
83,16250312,2017,Dodge,Challenger SXT PLUS,25998.0
84,16497033,2015,Dodge,Charger SE,17998.0
85,16257029,2013,Dodge,Dart Aero,9998.0
86,16250436,2015,Dodge,Dart GT,14998.0
87,16171269,2017,Dodge,Durango SXT,27998.0
88,16238712,2013,Dodge,Journey SE,14998.0
89,16237691,2015,Dodge,Ram 1500 Tradesman,16998.0
90,16250279,2017,Fiat,124 Spider Classica,20998.0
91,16237396,2013,Fiat,500 Pop,8998.0
92,16238636,2013,Fiat,500 Sport,9998.0
93,16237966,2011,Ford,Edge Limited,17998.0
94,16171259,2008,Ford,Edge SE,12599.0
95,16597090,2017,Ford,Edge Titanium,24998.0
96,16170829,2014,Ford,Escape SE,16998.0
97,16238509,2018,Ford,Escape SEL,23998.0
98,16238213,2015,Ford,Explorer Limited,28998.0
99,16418320,2015,Ford,Explorer Limited,24998.0
100,16568246,2018,Ford,Explorer Sport,36998.0
101,16237897,2015,Ford,F150 Lariat,41998.0
102,16238218,2014,Ford,F150 STX,24998.0
103,15326231,2013,Ford,F150 XL,12998.0
104,16238700,2015,Ford,F150 XL,24599.0
105,15574456,2016,Ford,Fiesta SE,10998.0
106,16568369,2017,Ford,Fiesta SE,11998.0
107,16238834,2016,Ford,Flex SE,19599.0
108,15778014,2008,Ford,Focus SE,7599.0
109,15908767,2009,Ford,Focus SE,6998.0
110,16238356,2015,Ford,Focus SE,12998.0
111,16238215,2016,Ford,Focus ST,21599.0
112,16250099,2008,Ford,Fusion S,9998.0
113,16237988,2012,Ford,Fusion SE,9998.0
114,16238673,2016,Ford,Fusion SE,13998.0
115,16568071,2016,Ford,Fusion Energi SE,15998.0
116,16568075,2015,Ford,Mustang EcoBoost,20998.0
117,16238558,2016,Ford,Transit 350 XLT,25998.0
118,16238588,2013,GMC,Sierra 1500 SLT,23998.0
119,16328092,2017,GMC,Terrain SLT,24998.0
120,16568131,2008,Honda,Accord EX,11998.0
121,16171091,2010,Honda,Accord EX-L,11998.0
122,15660542,2013,Honda,Accord LX,15998.0
123,15817829,2018,Honda,Accord Touring,32998.0
124,16238714,2017,Honda,Civic EX,21998.0
125,16568415,2015,Honda,Civic EX-L,18998.0
126,16171345,2012,Honda,Civic Si,16998.0
127,16171328,2008,Honda,CR-V EX,11998.0
128,16249899,2014,Honda,CR-V EX,18998.0
129,16238025,2017,Honda,CR-V Touring,31998.0
130,16238301,2015,Honda,Fit EX,14599.0
131,16568320,2017,Honda,HR-V EX,23998.0
132,16327525,2015,Honda,Odyssey EX,23998.0
133,16249875,2013,Honda,Odyssey LX,18998.0
134,15915383,2010,Honda,Pilot EX,14998.0
135,16250561,2010,Hyundai,Elantra GLS,9998.0
136,16324381,2016,Hyundai,Elantra GT,12998.0
137,16416742,2016,Hyundai,Elantra GT,13998.0
138,16250548,2015,Hyundai,Elantra SE,11998.0
139,16450767,2017,Hyundai,Elantra SE,14998.0
140,16217698,2016,Hyundai,Elantra Value Edition,12998.0
141,16423246,2014,Hyundai,Equus Ultimate,26998.0
142,16238040,2016,Hyundai,Genesis,26998.0
143,16238502,2010,Hyundai,Santa Fe Limited,14599.0
144,16348446,2016,Hyundai,Santa Fe Sport,18998.0
145,16250286,2011,Hyundai,Sonata GLS,8998.0
146,16593119,2015,Hyundai,Sonata SE,15599.0
147,16250223,2013,Hyundai,Veloster Turbo,13998.0
148,16237571,2012,Hyundai,Veloster,9599.0
149,16238496,2016,Hyundai,Veloster,14998.0
150,16036152,2011,Infiniti,G37,18998.0
151,16296191,2015,Infiniti,Q70 L,28998.0
152,16250514,2014,Infiniti,QX50 Journey,22998.0
153,16238249,2015,Infiniti,QX60,28998.0
154,16446424,2017,Infiniti,QX60,30998.0
155,16385128,2017,Infiniti,QX80,39998.0
156,16568180,2016,Jeep,Cherokee Latitude,20998.0
157,16238300,2015,Jeep,Grand Cherokee Laredo,22998.0
158,16238640,2017,Jeep,Patriot Sport,15998.0
159,16497952,2016,Jeep,Renegade Latitude,15998.0
160,16257593,2015,Jeep,Renegade Limited,17998.0
161,15574751,2014,Jeep,Wrangler Sport,23998.0
162,16237511,2015,Kia,Forte5 SX,13599.0
163,16568230,2015,Kia,K900 Luxury,25998.0
164,16497954,2017,Kia,Optima LX,15998.0
165,16238830,2014,Kia,Rio LX,10998.0
166,16238610,2015,Kia,Sedona L,18998.0
167,16238264,2018,Kia,Sorento LX,23998.0
168,16237476,2016,Kia,Soul,12998.0
169,16238076,2017,Kia,Soul,13998.0
170,16238638,2015,Kia,Soul,12998.0
171,16327908,2015,Lexus,ES 350,29998.0
172,16238784,2013,Lexus,LS 460,32998.0
173,16327523,2015,Lexus,NX 200t,28998.0
174,16327567,2015,Lexus,RX 350,26998.0
175,16327964,2015,Lexus,RX 350,27998.0
176,16450987,2015,Lexus,RX 350,27998.0
177,16238832,2017,Lincoln,Continental Reserve,42998.0
178,16237888,2017,Mazda,CX-9 Signature,33998.0
179,16250598,2013,Mazda,Mazda3 i Sport,11998.0
180,16250832,2015,Mazda,Mazda3 I Touring,15998.0
181,16250705,2015,Mazda,Mazda6 I Touring,15998.0
182,16237990,2012,Mazda,MX-5 Miata Special Edition,19599.0
183,16192565,2015,Mercedes-Benz,C300,25998.0
184,16238564,2015,Mercedes-Benz,C300,22599.0
185,16238811,2015,Mercedes-Benz,C300,21998.0
186,16238812,2015,Mercedes-Benz,C300,23998.0
187,16486143,2018,Mercedes-Benz,C300,47998.0
188,16192572,2016,Mercedes-Benz,CLA250,26998.0
189,15016668,2014,Mercedes-Benz,E350 Sport,24998.0
190,16020612,2013,Mercedes-Benz,SLK250,26998.0
191,15777286,2013,Mini,Cooper,11998.0
192,16171311,2012,Mini,Cooper,11998.0
193,16071179,2014,Mini,Cooper Countryman S,14599.0
194,16238323,2014,Mitsubishi,Lancer Evolution MR,31998.0
195,16238102,2015,Mitsubishi,Mirage DE,8998.0
196,16237783,2018,Mitsubishi,Outlander SEL,22998.0
197,16171442,2016,Nissan,Altima S,14998.0
198,16185708,2015,Nissan,Altima S,14998.0
199,16237488,2015,Nissan,Altima S,13998.0
200,16237863,2015,Nissan,Altima S,13998.0
201,16238633,2017,Nissan,Altima S,16998.0
202,16238840,2017,Nissan,Altima S,17998.0
203,16250086,2009,Nissan,Altima S,9998.0
204,16250668,2014,Nissan,Altima S,13599.0
205,16238181,2016,Nissan,Altima SV,17998.0
206,16238489,2016,Nissan,Altima SV,16998.0
207,16238185,2017,Nissan,Armada Platinum,47998.0
208,16238220,2017,Nissan,Frontier PRO-4X,31998.0
209,16250339,2014,Nissan,Juke Nismo,17998.0
210,16171316,2012,Nissan,Leaf SV,9998.0
211,16250626,2014,Nissan,Murano S,15998.0
212,16238404,2016,Nissan,Quest S,18998.0
213,15915306,2017,Nissan,Rogue S,20599.0
214,16568056,2015,Nissan,Sentra SR,13998.0
215,16568099,2015,Nissan,Sentra SV,13599.0
216,16238268,2017,Nissan,Titan SL,39998.0
217,16238683,2017,Nissan,Versa SL,14998.0
218,16238506,2015,Nissan,Versa Note SV,10998.0
219,16238662,2016,Scion,FR-S,19998.0
220,16327969,2015,Scion,FR-S,17599.0
221,16479017,2016,Scion,iA,14599.0
222,16250752,2014,Scion,tC,13998.0
223,16237348,2013,Subaru,BRZ Premium,17998.0
224,16238669,2015,Toyota,Camry LE,15599.0
225,16250287,2009,Toyota,Camry LE,9599.0
226,16250623,2015,Toyota,Camry LE,15998.0
227,16327904,2015,Toyota,Camry LE,16998.0
228,16479022,2015,Toyota,Camry LE,15998.0
229,16171061,2014,Toyota,Camry SE,14998.0
230,16238010,2015,Toyota,Camry SE,15998.0
231,16328227,2015,Toyota,Camry SE,16998.0
232,16327903,2015,Toyota,Camry XSE,16998.0
233,16171389,2014,Toyota,Corolla L,13998.0
234,16418383,2015,Toyota,Corolla L,14998.0
235,16238436,2016,Toyota,Corolla LE,13998.0
236,16238678,2015,Toyota,Corolla LE,13998.0
237,16238680,2015,Toyota,Corolla LE,13998.0
238,16250263,2009,Toyota,Corolla LE,11599.0
239,16327406,2016,Toyota,Corolla LE,14599.0
240,15777937,2009,Toyota,Corolla S,10998.0
241,16237590,2015,Toyota,Corolla S,13998.0
242,16171408,2017,Toyota,Corolla iM,16998.0
243,16171185,2010,Toyota,FJ Cruiser,22998.0
244,16428310,2013,Toyota,Highlander Hybrid Limited,25998.0
245,16258291,2016,Toyota,Prius Two,18998.0
246,16250354,2011,Toyota,Tacoma,25998.0
247,16238791,2015,Volkswagen,Beetle Classic,14998.0
248,16238193,2015,Volkswagen,CC R-Line,17998.0
249,16238201,2016,Volkswagen,CC R-Line,18998.0
250,16593120,2014,Volkswagen,Jetta S,11998.0
251,16237730,2014,Volkswagen,Passat SE,14599.0
252,16250597,2014,Volkswagen,Tiguan S,15998.0
253,16568089,2016,Volvo,S80 T5 Platinum,21998.0
254,16250155,2015,Volvo,XC60 T5 Premier,20998.0
255,16568247,2016,Acura,ILX,19998.0
256,16568254,2016,Acura,RDX AWD,25998.0
257,16568421,2015,Acura,RDX,22998.0
258,16171531,2009,Acura,TSX,11599.0
259,16171312,2015,Audi,A6 Premium,22998.0
260,16568091,2015,BMW,320 I,18998.0
261,16171407,2011,BMW,328 I,16998.0
262,14942064,2014,BMW,328 XI,25998.0
263,16238805,2015,BMW,328 XI,23998.0
264,16568107,2016,BMW,328 XI Gran Turismo,24998.0
265,16497275,2015,BMW,428 I Gran Coupe,24998.0
266,16250571,2013,BMW,Activehybrid 3,20998.0
267,16250439,2015,BMW,X5 XDrive35D,38998.0
268,16568164,2015,BMW,X5 XDrive35i,33998.0
269,16496948,2015,Buick,Enclave Convenience,22998.0
270,16597476,2014,Buick,Verano Leather,14998.0
271,16250761,2014,Cadillac,XTS,17998.0
272,16568185,2017,Chevrolet,Colorado Work Truck,19998.0
273,16250675,2011,Chevrolet,Cruze ECO,10998.0
274,16005560,2017,Chevrolet,Cruze LS,14998.0
275,16568442,2016,Chevrolet,Cruze LS,12998.0
276,16568596,2017,Chevrolet,Equinox LS,18998.0
277,16171591,2008,Chevrolet,Equinox LT,13998.0
278,16250673,2010,Chevrolet,Impala LS,10998.0
279,16568322,2014,Chevrolet,Impala Limited LT,11998.0
280,16451021,2015,Chevrolet,Malibu LS,13998.0
281,16568460,2015,Chevrolet,Malibu LS,13998.0
282,16250616,2012,Chevrolet,Malibu LT,9998.0
283,16498237,2017,Chevrolet,Malibu LT,15998.0
284,16568639,2018,Chevrolet,Silverado 1500 LT,30998.0
285,16237991,2017,Chevrolet,Sonic LS,12998.0
286,16238078,2014,Chevrolet,Spark LS,8998.0
287,16238555,2017,Chevrolet,Spark LS,11599.0
288,16171171,2014,Chevrolet,Spark LT,9998.0
289,16598311,2017,Chevrolet,Tahoe Premier,42998.0
290,15914297,2015,Chrysler,200 Limited,12998.0
291,16237601,2016,Chrysler,200 Limited,14599.0
292,16238629,2012,Chrysler,200 S,15599.0
293,16568414,2014,Chrysler,200 Touring,12599.0
294,16568486,2018,Chrysler,300 S,28998.0
295,16171374,2015,Dodge,Challenger R/T Plus,27998.0
296,16568188,2018,Dodge,Durango R/T,39998.0
297,16238771,2016,Dodge,Grand Caravan SE,17998.0
298,16568372,2017,Dodge,Journey Crossroad Plus,23998.0
299,16568371,2017,Dodge,Journey SE,16998.0
300,16238773,2017,Dodge,Journey SXT,19998.0
301,16250715,2015,Dodge,Journey SXT,14998.0
302,16568501,2015,Dodge,Journey SXT,15998.0
303,16238088,2016,Dodge,Promaster City Tradesman,15599.0
304,16568422,2017,Dodge,Ram 1500 Express,28998.0
305,16327950,2016,Dodge,Ram 1500 Sport,33998.0
306,16238551,2014,Dodge,Ram 2500 Tradesman,33998.0
307,16568285,2015,Ford,C-Max SE,13599.0
308,16237883,2014,Ford,C-Max SEL,14998.0
309,16250791,2013,Ford,Edge Limited,18599.0
310,16598312,2017,Ford,Edge Titanium,24998.0
311,16568599,2015,Ford,Escape SE,17998.0
312,16568600,2016,Ford,Escape SE,15998.0
313,16598150,2016,Ford,Escape SE,17998.0
314,16238481,2009,Ford,Expedition XLT,12998.0
315,16568361,2017,Ford,Expedition XLT,31998.0
316,16328007,2017,Ford,Expedition EL XLT,37998.0
317,16568362,2016,Ford,Explorer Limited,31998.0
318,16568364,2016,Ford,Explorer Limited,29998.0
319,16597993,2017,Ford,Explorer Limited,27998.0
320,16598318,2015,Ford,Explorer Sport,28998.0
321,16328236,2015,Ford,F150 King Ranch,42998.0
322,16568124,2013,Ford,F150 Lariat,25998.0
323,16568162,2016,Ford,F150 Lariat,42998.0
324,16568451,2015,Ford,F150 Lariat,41998.0
325,16238768,2013,Ford,F150 STX,21998.0
326,16250502,2013,Ford,F150 XLT,23998.0
327,16568367,2015,Ford,Fiesta SE,11998.0
328,16597871,2017,Ford,Flex Limited,23599.0
329,16005450,2009,Ford,Focus S,6998.0
330,16250711,2010,Ford,Focus SEL,9998.0
331,16171641,2016,Ford,Fusion SE,14599.0
332,16568318,2014,Ford,Fusion SE,13599.0
333,16568456,2017,Ford,Fusion SE,17599.0
334,16238569,2012,Ford,Fusion SEL,9998.0
335,16568195,2015,Ford,Fusion Titanium,20998.0
336,16568074,2016,Ford,Fusion Energi Titanium,17998.0
337,16568455,2018,Ford,Fusion Hybrid Titanium,21998.0
338,16238054,2015,Ford,Mustang EcoBoost,20998.0
339,16250837,2015,Ford,Mustang EcoBoost,21599.0
340,16497306,2017,Ford,Mustang EcoBoost,19998.0
341,16568081,2016,Ford,Mustang EcoBoost,19998.0
342,16568373,2016,Ford,Mustang EcoBoost,21998.0
343,16497890,2017,Ford,Mustang GT,26998.0
344,16568083,2016,Ford,Mustang GT,31998.0
345,16249962,2012,Ford,Mustang,13998.0
346,16238474,2008,Ford,Ranger XL,10998.0
347,16171170,2011,Ford,Ranger XLT,22998.0
348,16568219,2016,Ford,Transit 350 XLT,24998.0
349,16568374,2017,Ford,Transit 350 XLT,24998.0
350,16568134,2013,GMC,Sierra 1500 SLE,25998.0
351,16568133,2014,GMC,Terrain SLE,13599.0
352,16238710,2016,GMC,Yukon SLE,36998.0
353,16171447,2017,GMC,Yukon XL 1500 SLT,45998.0
354,16238675,2017,Honda,Accord EX-L,22998.0
355,16568183,2015,Honda,Civic EX,15599.0
356,16171695,2015,Honda,Civic LX,13998.0
357,16238726,2017,Honda,HR-V EX-L,24998.0
358,16250892,2011,Honda,Odyssey EX-L,17599.0
359,16327696,2015,Honda,Odyssey EX-L,27998.0
360,16171617,2009,Honda,Pilot EX-L,13998.0
361,16568210,2016,Honda,Pilot Touring,33998.0
362,16598315,2017,Hyundai,Accent SE,11998.0
363,16598316,2017,Hyundai,Accent SE,12599.0
364,16597989,2016,Hyundai,Elantra GT,12998.0
365,16237866,2017,Hyundai,Elantra SE,15599.0
366,16568445,2015,Hyundai,Elantra SE,13998.0
367,16568446,2016,Hyundai,Elantra SE,12998.0
368,16238095,2012,Hyundai,Santa Fe GLS,15599.0
369,16250796,2013,Hyundai,Sonata GLS,11998.0
370,16328258,2017,Hyundai,Sonata,14998.0
371,16238157,2013,Hyundai,Sonata Hybrid Limited,14998.0
372,16568127,2015,Hyundai,Tucson SE,16998.0
373,16250644,2011,Infiniti,G37 Journey,15998.0
374,16568617,2017,Infiniti,Q50 Premium,30998.0
375,16568064,2015,Infiniti,Q50 S,31998.0
376,16171674,2014,Infiniti,QX50 Journey,22998.0
377,16250856,2014,Infiniti,QX50 Journey,21998.0
378,16327953,2017,Infiniti,QX80,46998.0
379,16568358,2018,Jeep,Cherokee Trailhawk,27998.0
380,16250615,2017,Jeep,Patriot Sport,14998.0
381,16568467,2016,Jeep,Patriot Sport,15599.0
382,15908187,2015,Jeep,Renegade Latitude,15998.0
383,16568111,2016,Jeep,Wrangler Sahara,26998.0
384,16250468,2015,Jeep,Wrangler Unlimited Altitude,35998.0
385,16568427,2013,Jeep,Wrangler Unlimited Sahara,26998.0
386,16237690,2015,Jeep,Wrangler Unlimited Sport,30998.0
387,16568376,2017,Jeep,Wrangler Unlimited Sport,30998.0
388,16171679,2015,Kia,Forte LX,11998.0
389,16238769,2017,Kia,Forte LX,13998.0
390,16250589,2016,Kia,Sedona L,18998.0
391,16568340,2016,Kia,Sedona LX,19998.0
392,16327598,2015,Kia,Soul,12998.0
393,16250227,2009,Kia,Sportage LX,8998.0
394,16568327,2015,Land,Rover Discovery Sport SE,26998.0
395,15777891,2012,Lexus,CT 200h Premium,15998.0
396,16440525,2015,Lexus,CT 200h,20998.0
397,16238623,2011,Lexus,ES 350,18599.0
398,16327902,2015,Lexus,ES 350,22599.0
399,16450996,2016,Lexus,GX 460,39998.0
400,16250884,2016,Lexus,IS 200t,26998.0
401,16238649,2008,Lexus,IS 250,12998.0
402,16237439,2014,Lexus,LS 460,44998.0
403,16450985,2015,Lexus,NX 200t,29998.0
404,16450998,2015,Lexus,RX 350 F-SPORT,32998.0
405,16250508,2017,Mazda,CX-5 Grand Select,29998.0
406,16568284,2017,Mazda,CX-5 Grand Touring,29998.0
407,16250232,2010,Mazda,CX-7 i Sport,9998.0
408,16568311,2017,Mazda,CX-9 Signature,33998.0
409,16250798,2016,Mazda,Mazda3 i Sport,15998.0
410,16568329,2016,Mazda,Mazda3 i Sport,14998.0
411,16568292,2014,Mazda,Mazda6 I Touring,13998.0
412,16238657,2015,Mercedes-Benz,C300,24998.0
413,16238819,2015,Mercedes-Benz,C300,25998.0
414,16238824,2015,Mercedes-Benz,C300,25998.0
415,16171186,2015,Mercedes-Benz,CLA250,23599.0
416,16485624,2015,Mercedes-Benz,E400,29998.0
417,16250418,2015,Mercedes-Benz,GLA250,26998.0
418,16486114,2015,Mercedes-Benz,GLA250,25998.0
419,16238817,2017,Mercedes-Benz,GLC300,41998.0
420,16171189,2008,Mercury,Mountaineer,10998.0
421,16568112,2012,Mini,Cooper Countryman S,13998.0
422,16250658,2011,Mini,Cooper,10998.0
423,16250680,2009,Mini,Cooper,9998.0
424,16328243,2017,Mitsubishi,Outlander SE,18998.0
425,16238358,2015,Mitsubishi,Outlander Sport ES,15998.0
426,16171717,2010,Nissan,Altima S,11998.0
427,16238118,2009,Nissan,Altima S,9599.0
428,16238709,2017,Nissan,Altima S,17599.0
429,16568529,2015,Nissan,Altima S,13998.0
430,16238763,2015,Nissan,Altima SV,16599.0
431,16568055,2015,Nissan,Altima SV,14998.0
432,16451179,2017,Nissan,Frontier S,17998.0
433,16568601,2017,Nissan,Frontier S,18998.0
434,16250788,2010,Nissan,Frontier SE,17998.0
435,16250853,2014,Nissan,Leaf SL,11998.0
436,16171618,2018,Nissan,Leaf SV,25998.0
437,16568325,2014,Nissan,Leaf SV,10998.0
438,16238128,2009,Nissan,Murano LE,12998.0
439,16568054,2015,Nissan,Murano S,21998.0
440,16005160,2015,Nissan,Pathfinder S,19998.0
441,16497595,2015,Nissan,Quest S,17998.0
442,16328247,2017,Nissan,Rogue S,17998.0
443,16238630,2016,Nissan,Rogue SL,22998.0
444,16238777,2014,Nissan,Sentra SV,12599.0
445,16568096,2015,Nissan,Sentra SV,12599.0
446,16568424,2013,Nissan,Sentra SV,11998.0
447,16250281,2010,Nissan,Versa S,9998.0
448,16338673,2011,Nissan,Versa S,8998.0
449,16171684,2010,Scion,tC,9998.0
450,16250852,2016,Subaru,Forester 2.5i Premium,21599.0
451,16568545,2018,Subaru,Forester 2.5i Premium,26998.0
452,16250672,2009,Subaru,Forester X Limited,11998.0
453,16568505,2018,Subaru,Outback 2.5i,25998.0
454,16238743,2012,Subaru,Outback 2.5i Premium,17998.0
455,16250350,2011,Subaru,Outback 2.5i Premium,18998.0
456,16250843,2016,Subaru,WRX STI,30998.0
457,16238827,2016,Toyota,Camry LE,15998.0
458,16568302,2017,Toyota,Camry LE,16599.0
459,16238715,2015,Toyota,Camry SE,15998.0
460,16327897,2015,Toyota,Camry SE,16998.0
461,16328232,2015,Toyota,Camry XLE,18998.0
462,16568303,2016,Toyota,Camry XLE,19998.0
463,16568500,2017,Toyota,Corolla LE,14998.0
464,16171493,2012,Toyota,Corolla S,13599.0
465,16171687,2014,Toyota,Corolla S,13998.0
466,16238357,2014,Toyota,Corolla S Plus,13998.0
467,16568305,2015,Toyota,Corolla S Plus,15998.0
468,16328237,2015,Toyota,Highlander LE PLUS,26998.0
469,16327517,2015,Toyota,Highlander XLE,28998.0
470,16171602,2009,Toyota,Matrix,9599.0
471,16171660,2010,Toyota,Prius Four,14599.0
472,16171730,2013,Toyota,RAV4 XLE,19998.0
473,16250820,2017,Toyota,RAV4 XLE,25998.0
474,16328244,2015,Toyota,RAV4 XLE,21599.0
475,16450945,2015,Toyota,RAV4 XLE,21998.0
476,16450975,2015,Toyota,RAV4 XLE,21998.0
477,16327972,2017,Toyota,Sequoia SR5,36998.0
478,16171608,2017,Toyota,Tacoma SR5,26998.0
479,16568341,2015,Toyota,Tacoma,31998.0
480,16328255,2018,Toyota,Tundra SR,30998.0
481,16171689,2015,Toyota,Tundra SR5,31998.0
482,16450974,2015,Toyota,Venza LE,18998.0
483,16327788,2012,Toyota,Yaris L,10599.0
484,16171379,2010,Toyota,Yaris,8998.0
485,16250407,2013,Volkswagen,CC Sport,13998.0
486,16593221,2015,Volkswagen,Passat Limited Edition,14998.0
487,16568640,2018,Volkswagen,Tiguan S,22998.0
488,16327610,2017,Volvo,XC60 T5 Inscription,26998.0
489,15908835,2015,Acura,RDX,22998.0
490,16171183,2013,Audi,A4 Premium Plus,21998.0
491,15908972,2015,Audi,Q7 Premium Plus,32998.0
492,15908978,2016,Audi,S3 Premium Plus,28998.0
493,16250203,2012,BMW,328 I,15998.0
494,16261191,2016,BMW,428 I,28998.0
495,16327627,2015,BMW,428 I,23998.0
496,16238419,2014,BMW,X6 M,45998.0
497,16451015,2015,Cadillac,ATS,19998.0
498,14963460,2015,Cadillac,Escalade Platinum,60998.0
499,16039102,2017,Cadillac,XTS Luxury,25998.0
500,15660875,2015,Chevrolet,Camaro LS,17998.0
501,16568184,2017,Chevrolet,Colorado Work Truck,18998.0
502,16568159,2014,Chevrolet,Cruze LT,12998.0
503,16568249,2015,Chevrolet,Impala LS,15998.0
504,16171123,2014,Chevrolet,Impala Limited LTZ,12599.0
505,16568202,2017,Chevrolet,Malibu LS,15998.0
506,16257433,2017,Chevrolet,Malibu LT,15998.0
507,15325981,2014,Chevrolet,Sonic RS,11998.0
508,16238080,2016,Chevrolet,Spark LS,11599.0
509,15777908,2017,Chevrolet,Spark LT,14998.0
510,16245592,2015,Chevrolet,Volt,16998.0
511,16171294,2015,Chrysler,200 Limited,12998.0
512,16348170,2015,Chrysler,200 Limited,12998.0
513,16409415,2016,Dodge,Dart SE,11998.0
514,16237494,2016,Dodge,Dart SXT Sport,11998.0
515,16450627,2012,Dodge,Durango Citadel,22998.0
516,16005469,2012,Dodge,Grand Caravan Crew,18998.0
517,16238772,2017,Dodge,Grand Caravan SXT,22998.0
518,16238770,2017,Dodge,Journey SXT,20998.0
519,16237426,2012,Dodge,Ram 1500 Express,20998.0
520,16597133,2016,Dodge,Ram 1500 Rebel,36998.0
521,16250146,2014,Dodge,Ram 1500 Sport,28998.0
522,16104178,2017,Fiat,124 Spider Abarth,24998.0
523,15660974,2016,Ford,C-Max SEL,17998.0
524,16568259,2013,Ford,C-Max SEL,13998.0
525,16238298,2016,Ford,Edge SEL,21998.0
526,16217694,2017,Ford,Escape SE,19998.0
527,16171498,2013,Ford,Escape SEL,15599.0
528,16249914,2013,Ford,Escape SEL,15998.0
529,16170880,2014,Ford,Escape Titanium,16998.0
530,16327636,2016,Ford,Explorer Limited,28998.0
531,16238035,2018,Ford,Explorer Sport,38998.0
532,16327929,2015,Ford,Explorer Sport,34998.0
533,16238802,2015,Ford,Explorer XLT,26998.0
534,16327468,2015,Ford,Explorer XLT,26998.0
535,16338803,2013,Ford,Explorer XLT,19998.0
536,16568135,2013,Ford,F150 STX,19998.0
537,16238699,2014,Ford,F150 XL,23998.0
538,16327479,2017,Ford,F150 XLT,31998.0
539,16250278,2011,Ford,Fiesta SE,7599.0
540,16327996,2017,Ford,Flex Limited,26998.0
541,16250365,2010,Ford,Focus SES,9998.0
542,16238443,2014,Ford,Focus ST,15998.0
543,15908629,2014,Ford,Fusion SE,13998.0
544,16250460,2012,Ford,Fusion SE,11998.0
545,16450941,2016,Ford,Fusion Titanium,21998.0
546,16327943,2015,Ford,Fusion Hybrid Titanium,17998.0
547,16238308,2017,Ford,Mustang EcoBoost,22998.0
548,16250412,2015,Ford,Mustang EcoBoost,18998.0
549,16450540,2017,Ford,Mustang EcoBoost,19998.0
550,16250758,2016,Ford,Mustang GT,29998.0
551,16238229,2015,Ford,Mustang,17998.0
552,16238775,2014,Ford,Mustang,16599.0
553,16171619,2010,Ford,Taurus SEL,9998.0
554,16238433,2018,Ford,Taurus SHO,30998.0
555,16450774,2017,Ford,Transit Connect XLT,22998.0
556,16005325,2017,GMC,Canyon Denali,37998.0
557,16238124,2017,GMC,Sierra 1500 Denali,48998.0
558,15574735,2015,GMC,Sierra 1500 SLT,30998.0
559,15908294,2015,Honda,Accord EX-L,18998.0
560,16568238,2017,Honda,Accord EX-L,24998.0
561,16250200,2010,Honda,Accord LX,11998.0
562,16171353,2014,Honda,Civic LX,12998.0
563,16250302,2010,Honda,Civic LX,12599.0
564,15776868,2015,Honda,CR-V Touring,25998.0
565,16171673,2016,Honda,Fit LX,15998.0
566,16497727,2016,Honda,Fit LX,14998.0
567,15908814,2011,Honda,Fit,11599.0
568,16568200,2018,Honda,HR-V LX,22998.0
569,16250647,2015,Honda,Pilot LX,24998.0
570,16238656,2017,Hyundai,Accent SE,12599.0
571,15660972,2012,Hyundai,Elantra GLS,10599.0
572,16238567,2010,Hyundai,Elantra GLS,8599.0
573,16171530,2016,Hyundai,Elantra SE,12599.0
574,16327426,2016,Hyundai,Elantra SE,13998.0
575,16327424,2016,Hyundai,Elantra Value Edition,13998.0
576,16171024,2014,Hyundai,Santa Fe Limited,21998.0
577,16171349,2011,Hyundai,Sonata GLS,10599.0
578,16171366,2013,Hyundai,Sonata GLS,11998.0
579,16250651,2015,Hyundai,Sonata SE,13998.0
580,16568216,2016,Hyundai,Sonata SE,13599.0
581,16568231,2015,Hyundai,Sonata SE,13998.0
582,16593751,2015,Hyundai,Sonata SE,13599.0
583,16568217,2012,Hyundai,Sonata Hybrid,13599.0
584,16237361,2014,Hyundai,Tucson Limited,18998.0
585,16238599,2015,Hyundai,Veloster RE:FLEX Edition,14998.0
586,15908311,2016,Hyundai,Veloster,12998.0
587,16238658,2013,Infiniti,G37 X,19599.0
588,15326109,2013,Infiniti,JX35,22998.0
589,15908402,2015,Infiniti,Q50 Premium,26998.0
590,16238842,2017,Infiniti,Q50 Premium,29998.0
591,15424432,2014,Infiniti,QX60,28998.0
592,16568062,2015,Infiniti,QX60,26998.0
593,15908976,2014,Infiniti,QX60 Hybrid,29998.0
594,16004276,2014,Infiniti,QX80,36998.0
595,15908440,2016,Jaguar,XF Premium,27998.0
596,16238491,2017,Jeep,Cherokee Latitude,20998.0
597,16171343,2015,Jeep,Cherokee Sport,17998.0
598,16568244,2016,Jeep,Cherokee Sport,16998.0
599,16171403,2014,Jeep,Compass Sport,15599.0
600,16327960,2016,Jeep,Patriot High Altitude,16998.0
601,16250274,2015,Jeep,Renegade Latitude,16998.0
602,16238314,2017,Jeep,Renegade Sport,16998.0
603,16102692,2014,Jeep,Wrangler Unlimited Rubicon,31998.0
604,16249908,2008,Jeep,Wrangler Unlimited Sahara,20998.0
605,16327532,2015,Kia,Optima LX,13998.0
606,16328240,2018,Kia,Optima LX,16998.0
607,15908041,2015,Kia,Sedona SX,23998.0
608,16327596,2018,Kia,Sorento LX,24998.0
609,15908878,2013,Kia,Soul,10599.0
610,16171255,2012,Kia,Sportage LX,11998.0
611,16418168,2016,Land,Rover Range Rover Evoque Premium,33998.0
612,16301745,2015,Land,Rover Range Rover Sport HSE,43998.0
613,15574585,2008,Lexus,ES 350,12998.0
614,16004880,2013,Lexus,GS 350,24998.0
615,15914831,2016,Lexus,GX 460 Luxury,44998.0
616,16495229,2015,Lexus,GX 460,38998.0
617,16439877,2015,Lexus,IS 250,24998.0
618,16250357,2014,Lexus,LS 460,34998.0
619,16327954,2016,Lexus,NX 200t,29998.0
620,16250636,2011,Lexus,RX 350,20998.0
621,16450948,2015,Lexus,RX 350,34998.0
622,16327944,2014,Lincoln,MKT,27998.0
623,16250077,2014,Lincoln,MKZ,14998.0
624,16171587,2016,Mazda,CX-3 Grand Touring,22998.0
625,16568310,2017,Mazda,CX-5 Grand Select,27998.0
626,15908619,2016,Mazda,CX-5 Grand Touring,23998.0
627,16078072,2016,Mazda,CX-5 Grand Touring,24998.0
628,16171235,2008,Mazda,Mazda3 I,9599.0
629,16171459,2017,Mazda,Mazda3 Touring,16998.0
630,16327619,2016,Mazda,Mazda6 I Grand Touring,23599.0
631,16171446,2014,Mazda,Mazda6 i Sport,14599.0
632,16238458,2015,Mazda,MX-5 Miata Club,19998.0
633,14886301,2014,Mercedes-Benz,B-Class electric drive,16998.0
634,15908899,2015,Mercedes-Benz,C300,24998.0
635,16238814,2015,Mercedes-Benz,C300,20998.0
636,16238816,2015,Mercedes-Benz,C300,23998.0
637,16238818,2015,Mercedes-Benz,C300,23599.0
638,16486707,2015,Mercedes-Benz,C300,25998.0
639,16041772,2015,Mercedes-Benz,CLA250,21998.0
640,16341846,2017,Mercedes-Benz,CLA250,27998.0
641,16238677,2015,Mitsubishi,Mirage DE,9998.0
642,16238183,2015,Nissan,Altima S,14998.0
643,16176229,2017,Nissan,Altima SR,19998.0
644,16238221,2017,Nissan,Frontier S,17998.0
645,15670604,2015,Nissan,Frontier SV,18998.0
646,16568233,2016,Nissan,Frontier SV,23998.0
647,16250475,2013,Nissan,Leaf S,9998.0
648,16238845,2014,Nissan,Maxima SV,17998.0
649,16238682,2015,Nissan,Murano Platinum,27998.0
650,16327626,2016,Nissan,Murano S,20998.0
651,15914917,2017,Nissan,Rogue S,19998.0
652,16328083,2018,Nissan,Rogue S,21998.0
653,16238261,2017,Nissan,Sentra S,14998.0
654,16568104,2017,Nissan,Sentra S,13998.0
655,16250587,2015,Nissan,Sentra SR,14998.0
656,16171268,2015,Nissan,Versa S Plus,10998.0
657,16238837,2017,Nissan,Versa S Plus,12998.0
658,16005090,2015,Porsche,Cayenne Hybrid S,48998.0
659,15660738,2015,Porsche,Macan S,45998.0
660,16238664,2015,Scion,FR-S,17998.0
661,16250576,2015,Subaru,Forester 2.5i Premium,18998.0
662,16327491,2017,Subaru,Forester 2.5i Premium,23998.0
663,16250251,2009,Subaru,Forester X,13599.0
664,16450558,2013,Subaru,Impreza 2.0i Sport Limited,17998.0
665,16004416,2015,Subaru,Outback Limited,22998.0
666,16250233,2016,Subaru,XV Crosstrek Limited,24998.0
667,16170893,2017,Toyota,86,23998.0
668,15660768,2015,Toyota,Camry LE,15998.0
669,15915222,2015,Toyota,Camry LE,15998.0
670,16238191,2017,Toyota,Camry LE,18599.0
671,16249958,2009,Toyota,Camry LE,10998.0
672,16327638,2015,Toyota,Camry LE,15998.0
673,16327640,2015,Toyota,Camry LE,15998.0
674,15907832,2017,Toyota,Camry SE,17998.0
675,16004404,2013,Toyota,Camry SE,15998.0
676,16237578,2014,Toyota,Camry SE,14599.0
677,16237655,2017,Toyota,Camry SE,17998.0
678,16241035,2015,Toyota,Camry SE,15998.0
679,16171261,2016,Toyota,Camry Special Edition,20599.0
680,15915220,2015,Toyota,Camry XSE,17998.0
681,16238011,2015,Toyota,Camry XSE,17998.0
682,16237564,2014,Toyota,Corolla LE,12599.0
683,16238099,2017,Toyota,Corolla LE,14998.0
684,15944546,2016,Toyota,Corolla S Plus,15998.0
685,16568392,2017,Toyota,Corolla SE Special Edition,18998.0
686,15290259,2016,Toyota,Highlander Hybrid Limited,40998.0
687,16170956,2012,Toyota,Prius Four,15998.0
688,16198908,2016,Toyota,Prius Three Touring,23998.0
689,16250221,2008,Toyota,Prius Touring,12998.0
690,16250815,2011,Toyota,Prius Two,14998.0
691,16237753,2015,Toyota,Sienna LE,21998.0
692,16004638,2016,Toyota,Tacoma SR5,26998.0
693,15777872,2013,Toyota,Tacoma,17998.0
694,16238326,2012,Volkswagen,CC Sport,12599.0
695,16250609,2013,Volkswagen,GLI Autobahn,14599.0
696,16238303,2013,Volkswagen,Jetta S,9998.0
697,16249955,2015,Volkswagen,Jetta SE,11998.0
698,16237835,2011,Volkswagen,Jetta,9998.0
699,16338578,2012,Volkswagen,Passat S,11599.0
700,15908947,2013,Volkswagen,Passat SE,12998.0
701,15777875,2012,Volvo,C30 T5 R,17599.0
702,16004781,2015,Volvo,S60 T5,17998.0
703,16568248,2016,Acura,MDX,25998.0
704,16568250,2016,Acura,MDX,29998.0
705,15908836,2015,Acura,RDX,23998.0
706,16568251,2016,Acura,RDX,26998.0
707,16451095,2016,Acura,TLX,20998.0
708,16237881,2015,Audi,A5 Premium,28998.0
709,15908740,2015,Audi,A6 Premium,23998.0
710,15778016,2017,Audi,Q7 Premium Plus,50998.0
711,15879840,2013,Audi,S6 Prestige,34998.0
712,15325712,2012,BMW,328 I,15998.0
713,16450513,2011,BMW,328 I,18998.0
714,16450782,2015,BMW,328 I,22998.0
715,16005662,2014,BMW,335 XI Gran Turismo,20998.0
716,15120469,2014,BMW,435 XI,28998.0
717,16238176,2014,BMW,750 Li,38998.0
718,15325236,2011,BMW,M3,31998.0
719,16004232,2017,BMW,X3 SDrive28i,27998.0
720,15777766,2015,BMW,X6 SDrive35i,43998.0
721,15791851,2014,BMW,X6 XDrive35i,36998.0
722,16005007,2016,Buick,Encore,17998.0
723,16005393,2017,Cadillac,XT5,33998.0
724,16004500,2013,Chevrolet,Camaro LS,16998.0
725,16005208,2015,Chevrolet,Camaro LS,16998.0
726,16339178,2014,Chevrolet,Camaro LT,19998.0
727,16005362,2017,Chevrolet,Colorado Work Truck,19998.0
728,15777459,2017,Chevrolet,Colorado ZR2,39998.0
729,16070626,2010,Chevrolet,Corvette Grand Sport,29998.0
730,16451008,2018,Chevrolet,Cruze LS,15998.0
731,16238466,2014,Chevrolet,Cruze LT,12998.0
732,16238672,2014,Chevrolet,Cruze LT,11998.0
733,16338985,2014,Chevrolet,Cruze LT,12599.0
734,16385123,2018,Chevrolet,Cruze LT,15998.0
735,16450763,2014,Chevrolet,Cruze LT,12998.0
736,16450896,2014,Chevrolet,Cruze LT,11998.0
737,16451083,2015,Chevrolet,Cruze LTZ,13998.0
738,15777950,2015,Chevrolet,Impala LT,16599.0
739,15907958,2017,Chevrolet,Malibu LS,15998.0
740,16348668,2017,Chevrolet,Malibu LS,15998.0
741,16408955,2017,Chevrolet,Malibu LS,15599.0
742,16005380,2015,Chevrolet,Malibu LT,14599.0
743,16450523,2017,Chevrolet,Malibu LT,18998.0
744,16338994,2016,Chevrolet,Malibu Limited LT,14998.0
745,16450524,2016,Chevrolet,Malibu Limited LT,16998.0
746,16005189,2014,Chevrolet,Silverado 1500 LT,23998.0
747,15915280,2016,Chevrolet,Silverado 1500 LTZ,36998.0
748,16338656,2013,Chevrolet,Sonic LT,10998.0
749,16450556,2015,Chevrolet,Spark LS,9998.0
750,16450778,2017,Chevrolet,Spark LS,12599.0
751,15325904,2015,Chevrolet,Tahoe LS,34998.0
752,16005391,2016,Chevrolet,Trax LS,16599.0
753,16450527,2015,Chevrolet,Volt,16998.0
754,16450776,2015,Chevrolet,Volt,16998.0
755,16338845,2015,Chrysler,200 C,14998.0
756,16238695,2016,Chrysler,200 Limited,13998.0
757,15777949,2015,Chrysler,200 S,12998.0
758,16450842,2012,Chrysler,200 Touring,10599.0
759,16338519,2014,Chrysler,300,17998.0
760,16338919,2014,Chrysler,300,15998.0
761,16250216,2016,Dodge,Challenger R/T Plus,28998.0
762,15660669,2016,Dodge,Challenger SXT,19998.0
763,16005665,2016,Dodge,Charger R/T Scat Pack,38998.0
764,16005465,2015,Dodge,Charger SXT,19599.0
765,16057732,2011,Dodge,Charger,15998.0
766,15908364,2014,Dodge,Durango SXT,23998.0
767,16450808,2014,Dodge,Journey SXT,14998.0
768,16238778,2015,Dodge,Ram 1500 Express,23998.0
769,16237503,2014,Fiat,500 Abarth,13998.0
770,16005263,2012,Fiat,500 Sport,9599.0
771,16004584,2016,Fiat,500X Trekking,15998.0
772,16450829,2013,Ford,C-Max SE,12599.0
773,16237782,2017,Ford,Edge SE,23998.0
774,16238580,2013,Ford,Edge SEL,18998.0
775,16005564,2015,Ford,Escape SE,14998.0
776,16238833,2018,Ford,Escape SE,22599.0
777,16338873,2012,Ford,Escape XLT,12998.0
778,16327648,2014,Ford,Explorer Limited,23599.0
779,15777790,2015,Ford,Explorer XLT,22998.0
780,15908110,2017,Ford,F150 XLT,29998.0
781,16237659,2014,Ford,F150 XLT,27998.0
782,16328068,2017,Ford,F150 XLT,30998.0
783,16005377,2016,Ford,Fiesta S,10998.0
784,16005378,2017,Ford,Focus SEL,15998.0
785,15832869,2015,Ford,Focus Electric,14998.0
786,16005379,2014,Ford,Fusion SE,13599.0
787,16339197,2016,Ford,Fusion SE,16998.0
788,16339292,2017,Ford,Fusion Sport,26998.0
789,16327493,2015,Ford,Fusion Energi SE,16998.0
790,16338945,2015,Ford,Mustang EcoBoost,20998.0
791,16497370,2017,Ford,Mustang EcoBoost,20599.0
792,16005233,2016,Ford,Mustang Shelby GT350,46998.0
793,16005243,2012,Ford,Mustang,12599.0
794,16237844,2010,Ford,Mustang,11998.0
795,16238269,2016,Ford,Transit 350 XLT,27998.0
796,16339311,2014,GMC,Acadia SLT,24998.0
797,16238368,2011,GMC,Terrain SLE,13998.0
798,15325846,2011,GMC,Terrain SLT,15599.0
799,16451183,2018,GMC,Yukon XL 1500 SLT,51998.0
800,16250415,2017,Honda,Accord EX-L,23998.0
801,16338431,2012,Honda,Accord EX-L,14998.0
802,16338689,2012,Honda,Accord EX-L,14998.0
803,16238739,2017,Honda,Accord Hybrid,22998.0
804,16338758,2014,Honda,Accord Hybrid,18998.0
805,16171381,2013,Honda,Civic EX,14998.0
806,16338977,2012,Honda,Civic EX-L,13998.0
807,16450869,2015,Honda,Civic EX-L,18599.0
808,15416530,2017,Honda,Civic EX-T,20998.0
809,16004371,2016,Honda,Civic EX-T,18998.0
810,16338849,2017,Honda,Civic LX,19998.0
811,16338883,2016,Honda,Civic Touring,21998.0
812,16450750,2015,Honda,CR-V EX-L,20998.0
813,16338424,2015,Honda,Fit LX,12998.0
814,16338567,2015,Honda,Fit LX,13998.0
815,16339312,2015,Honda,Fit LX,14998.0
816,16339150,2010,Honda,Fit Sport,15998.0
817,15660485,2012,Hyundai,Accent GLS,8998.0
818,16338555,2013,Hyundai,Accent GLS,10998.0
819,15777832,2013,Hyundai,Elantra GLS,12998.0
820,16327428,2015,Hyundai,Elantra Limited,14998.0
821,15832043,2017,Hyundai,Elantra SE,14998.0
822,16217682,2016,Hyundai,Elantra SE,12998.0
823,16450485,2014,Hyundai,Elantra SE,11998.0
824,16450764,2018,Hyundai,Elantra SE,15998.0
825,16238068,2017,Hyundai,Santa Fe Sport,19998.0
826,16594035,2015,Hyundai,Sonata ECO,13998.0
827,16004748,2011,Hyundai,Sonata GLS,9998.0
828,16327583,2015,Hyundai,Sonata Limited,17998.0
829,16005504,2015,Hyundai,Sonata SE,12998.0
830,16593750,2015,Hyundai,Sonata SE,13998.0
831,16417113,2017,Hyundai,Tucson Sport,22998.0
832,16238735,2013,Hyundai,Veloster Turbo,12998.0
833,16338734,2013,Hyundai,Veloster Turbo,15599.0
834,16338670,2009,Infiniti,FX35,15998.0
835,16238843,2015,Infiniti,Q40,18998.0
836,16005592,2015,Infiniti,Q50 Premium,24599.0
837,16338681,2014,Infiniti,QX60,31998.0
838,14360647,2016,Jeep,Cherokee Latitude,19998.0
839,16004903,2016,Jeep,Cherokee Sport,17998.0
840,16450797,2017,Jeep,Cherokee Sport,17998.0
841,16338842,2012,Jeep,Compass Latitude,12998.0
842,16497552,2015,Jeep,Compass Latitude,16998.0
843,16328072,2018,Jeep,Compass Limited,24998.0
844,16238152,2016,Jeep,Compass Sport,16998.0
845,16338743,2017,Jeep,Grand Cherokee Altitude,34998.0
846,16568419,2016,Jeep,Patriot Sport,14599.0
847,15908501,2015,Jeep,Renegade Latitude,16998.0
848,16238063,2015,Jeep,Renegade Latitude,15998.0
849,16005474,2016,Jeep,Renegade Limited,22998.0
850,15907923,2015,Jeep,Renegade Sport,15998.0
851,16338925,2016,Jeep,Renegade Sport,16998.0
852,16568235,2018,Jeep,Wrangler Rubicon,35998.0
853,16005434,2013,Jeep,Wrangler Sport,20998.0
854,16238082,2016,Jeep,Wrangler Sport,25998.0
855,16250052,2016,Jeep,Wrangler Sport,25998.0
856,16338869,2012,Jeep,Wrangler Sport,21998.0
857,16451140,2017,Jeep,Wrangler Sport,28998.0
858,15659871,2011,Jeep,Wrangler Unlimited Sahara,22998.0
859,16338632,2014,Jeep,Wrangler Unlimited Sahara,31998.0
860,16238153,2017,Kia,Forte LX,12998.0
861,15154033,2015,Kia,K900 Premium,23998.0
862,15915290,2017,Kia,Sorento LX,20998.0
863,16171362,2015,Kia,Soul +,12998.0
864,16450727,2014,Kia,Soul +,12599.0
865,16338552,2015,Kia,Soul,12998.0
866,16339005,2014,Kia,Soul,11998.0
867,16250518,2017,Kia,Sportage LX,20599.0
868,16327432,2015,Lexus,ES 350,23998.0
869,16450950,2016,Lexus,ES 350,26998.0
870,16450649,2015,Lexus,GS 350,27998.0
871,16450635,2016,Lexus,GX 460,43998.0
872,16004442,2015,Lexus,IS 250,25998.0
873,16212384,2015,Lexus,IS 250,25998.0
874,16139709,2014,Lexus,LX 570,52998.0
875,16005024,2015,Lexus,RX 350,26998.0
876,16005585,2008,Lexus,RX 350,15599.0
877,16250245,2008,Lexus,RX 350,12998.0
878,16250428,2009,Lexus,RX 350,18998.0
879,16450734,2017,Lincoln,Continental Select,38998.0
880,16450606,2017,Mazda,CX-3 Sport,19998.0
881,16171502,2014,Mazda,CX-5 Grand Touring,19998.0
882,16171623,2014,Mazda,Mazda3 i Sport,13998.0
883,16170835,2010,Mazda,Mazda3 S,11998.0
884,16338798,2010,Mazda,Mazda3 S,12599.0
885,15777520,2010,Mazda,Mazda5 Sport,10998.0
886,16339355,2017,Mazda,Mazda6 I Grand Touring,23599.0
887,16004994,2017,Mazda,Mazda6 i Sport,19998.0
888,16425449,2017,Mazda,Mazda6 I Touring,20998.0
889,16005639,2016,Mazda,MX-5 Miata Club,23998.0
890,16005452,2013,Mercedes-Benz,C250 Sport,17998.0
891,16338742,2014,Mercedes-Benz,C250 Sport,20998.0
892,16486116,2015,Mercedes-Benz,C250,22998.0
893,14789186,2012,Mercedes-Benz,E350 Luxury,18998.0
894,16217010,2015,Mitsubishi,Mirage DE,9998.0
895,16249915,2015,Mitsubishi,Mirage ES,9599.0
896,16171306,2016,Nissan,370Z,24599.0
897,16004720,2015,Nissan,Altima S,13998.0
898,16005609,2015,Nissan,Altima SV,14998.0
899,16171399,2013,Nissan,Altima SV,12998.0
900,16450696,2018,Nissan,Armada Platinum,52998.0
901,16005046,2013,Nissan,Frontier S,18599.0
902,16327634,2017,Nissan,Frontier SV,24998.0
903,16338706,2014,Nissan,Quest SV,15998.0
904,16250040,2011,Nissan,Rogue S,13599.0
905,16338427,2013,Nissan,Rogue S,11998.0
906,16005608,2014,Nissan,Sentra SL,14998.0
907,15908992,2015,Nissan,Versa Note S,9998.0
908,16450756,2015,Nissan,Versa Note SV,11998.0
909,16005674,2016,Scion,tC,15998.0
910,16450800,2009,Scion,xB,8998.0
911,16339270,2015,Subaru,Forester 2.5i Touring,23998.0
912,16257434,2017,Subaru,Impreza 2.0i Premium,17998.0
913,16237517,2016,Subaru,Impreza 2.0i Sport Limited,20998.0
914,16338527,2008,Subaru,Impreza WRX,15998.0
915,16004938,2013,Subaru,Legacy 3.6R Limited,19998.0
916,16338915,2015,Subaru,Outback Premium,23599.0
917,16450765,2015,Subaru,Outback Premium,21998.0
918,16339200,2014,Subaru,XV Crosstrek Hybrid Touring,18998.0
919,16327896,2015,Toyota,Camry LE,15998.0
920,15777863,2014,Toyota,Camry SE,15998.0
921,15908361,2015,Toyota,Camry SE,16998.0
922,15915631,2016,Toyota,Camry SE,17998.0
923,16072630,2015,Toyota,Camry SE,15998.0
924,16339028,2017,Toyota,Camry SE,19599.0
925,16450990,2015,Toyota,Camry SE,16998.0
926,16327900,2015,Toyota,Camry XLE,19599.0
927,16250209,2015,Toyota,Corolla LE PREMIUM,16998.0
928,16237758,2015,Toyota,Corolla S Plus,14998.0
929,16450970,2015,Toyota,Corolla S Plus,16599.0
930,16327514,2015,Toyota,Highlander LE PLUS,27998.0
931,16338861,2017,Toyota,Prius One,22998.0
932,16171437,2013,Toyota,Prius Three,16998.0
933,16450839,2012,Toyota,Prius Three,15998.0
934,16327893,2015,Toyota,Prius Two,17998.0
935,16238236,2015,Toyota,Prius c Two,15998.0
936,16211340,2015,Toyota,Prius v Four,20599.0
937,16327872,2013,Toyota,RAV4 LE,15998.0
938,16327971,2017,Toyota,Sequoia SR5,35998.0
939,16339042,2013,Toyota,Tacoma PreRunner,22998.0
940,15778059,2016,Toyota,Tacoma TRD Sport,28998.0
941,15660827,2015,Toyota,Tacoma,20998.0
942,16450568,2014,Volkswagen,Beetle 1.8T,13998.0
943,16238199,2015,Volkswagen,CC R-Line,15998.0
944,16238196,2015,Volkswagen,CC Sport,15998.0
945,16238200,2015,Volkswagen,CC Sport,17599.0
946,15897855,2016,Volkswagen,Golf R,34998.0
947,16250397,2013,Volkswagen,GTI 2.0T,15998.0
948,15908962,2017,Volkswagen,Passat R-Line,19998.0
949,15573944,2014,Volkswagen,Passat Wolfsburg Edition,13599.0
950,15777576,2012,Volvo,S60 T5,12998.0
951,16424417,2013,Volvo,XC60 T6,21998.0
952,16339300,2011,Acura,MDX,19998.0
953,16339024,2018,Audi,A5 Prestige,44998.0
954,15088701,2014,Audi,Q5 Premium,25998.0
955,16005578,2012,BMW,328 I,16998.0
956,16237644,2015,BMW,328 I,22998.0
957,16005697,2011,BMW,335 XI,15998.0
958,15777903,2014,BMW,535 dxi,28998.0
959,16005479,2016,BMW,X5 Plug In Hybrid XDrive40e,43998.0
960,16450625,2015,Buick,LaCrosse Leather,19998.0
961,16450740,2015,Buick,Verano,14998.0
962,16451012,2016,Cadillac,ATS Luxury,23998.0
963,16498146,2018,Cadillac,XT5 Luxury,34998.0
964,16597134,2017,Cadillac,XT5 Luxury,33998.0
965,16338823,2016,Chevrolet,Colorado LT,26998.0
966,16450735,2018,Chevrolet,Colorado LT,33998.0
967,16005559,2017,Chevrolet,Colorado Work Truck,18998.0
968,16450762,2017,Chevrolet,Colorado Work Truck,18599.0
969,16451017,2017,Chevrolet,Colorado Work Truck,18998.0
970,16451011,2015,Chevrolet,Cruze LT,12998.0
971,16451177,2017,Chevrolet,Cruze LT,15599.0
972,16339357,2017,Chevrolet,Cruze Premier,17998.0
973,16496733,2018,Chevrolet,Equinox Premier,23998.0
974,16339025,2008,Chevrolet,HHR LS,9599.0
975,16005566,2015,Chevrolet,Malibu LS,12998.0
976,15573815,2015,Chevrolet,Malibu LT,12998.0
977,16339038,2016,Chevrolet,Malibu Limited LT,13998.0
978,16450743,2012,Chevrolet,Sonic LS,9998.0
979,16005385,2017,Chevrolet,Spark LS,10998.0
980,16339340,2014,Chevrolet,Spark LS,10599.0
981,16451178,2017,Chevrolet,Spark LS,10998.0
982,16339112,2012,Chevrolet,Suburban 1500 LTZ,28998.0
983,16497942,2017,Chevrolet,Suburban 1500 Premier,39998.0
984,16451181,2015,Chevrolet,Traverse LS,20998.0
985,16450854,2010,Chevrolet,Traverse LT,15998.0
986,16594122,2015,Chevrolet,Trax LS,14998.0
987,16005152,2014,Chevrolet,Volt,16998.0
988,16339230,2015,Chrysler,200 Limited,14599.0
989,16338775,2012,Chrysler,200 LX,9998.0
990,16339208,2015,Chrysler,200 LX,14599.0
991,16450859,2013,Chrysler,200 LX,10599.0
992,16338800,2014,Chrysler,200 Touring,10998.0
993,16238723,2016,Chrysler,300 Limited,19998.0
994,16005215,2014,Chrysler,300,17998.0
995,16450580,2017,Chrysler,Pacifica Touring L,24998.0
996,16597478,2017,Chrysler,Pacifica Touring L,22998.0
997,16597930,2017,Chrysler,Pacifica Touring L,22998.0
998,16004888,2008,Dodge,Caliber SE,7599.0
999,16338684,2015,Dodge,Charger SE,18599.0
1000,16238570,2018,Dodge,Durango Citadel,35998.0
1001,16450832,2015,Dodge,Journey SE,15998.0
1002,16450773,2017,Dodge,Journey SXT,17998.0
1003,16005487,2012,Dodge,Ram 1500 ST,21998.0
1004,16004229,2017,Dodge,Ram 1500 Tradesman,18998.0
1005,16005672,2017,Dodge,Ram 1500 Tradesman,17998.0
1006,16450537,2017,Dodge,Ram 1500 Tradesman,18998.0
1007,16451109,2016,Dodge,Ram 1500 Tradesman,26998.0
1008,16451118,2016,Dodge,RAM 3500 Laramie,51998.0
1009,16451106,2013,Fiat,500 Abarth,14998.0
1010,16257422,2015,Fiat,500 Sport,11998.0
1011,16327989,2016,Ford,Escape Titanium,22998.0
1012,16451153,2012,Ford,Escape XLS,13998.0
1013,16005185,2015,Ford,Expedition XLT,26998.0
1014,16257749,2017,Ford,Explorer Limited,31998.0
1015,16450807,2013,Ford,Explorer Limited,20998.0
1016,16568667,2017,Ford,Explorer Sport,38998.0
1017,16338725,2015,Ford,Explorer XLT,26998.0
1018,16339278,2016,Ford,F150 XLT,34998.0
1019,16450861,2017,Ford,F150 XLT,25998.0
1020,16338784,2014,Ford,Fiesta ST,14998.0
1021,16005356,2012,Ford,Focus S,9998.0
1022,16338904,2013,Ford,Focus SE,10599.0
1023,16451091,2016,Ford,Focus SE,11998.0
1024,16339161,2016,Ford,Focus ST,21998.0
1025,16495277,2016,Ford,Fusion S,14998.0
1026,16339382,2013,Ford,Fusion SE,13998.0
1027,16451092,2016,Ford,Fusion SE,16998.0
1028,16568680,2016,Ford,Fusion SE,15998.0
1029,16338906,2014,Ford,Fusion Titanium,13599.0
1030,16339147,2014,Ford,Fusion Titanium,12998.0
1031,16005414,2014,Ford,Fusion Hybrid SE,15998.0
1032,16451277,2016,Ford,Fusion Hybrid Titanium,19998.0
1033,16497371,2017,Ford,Mustang EcoBoost,19998.0
1034,16497374,2017,Ford,Mustang GT,27998.0
1035,16450871,2016,Ford,Transit 350 XLT,23998.0
1036,16450863,2015,GMC,Sierra 1500 Denali,40998.0
1037,16451167,2015,GMC,Sierra 1500 SLT,37998.0
1038,16450867,2017,GMC,Terrain SLE,21998.0
1039,16338535,2008,Honda,Accord EX,11599.0
1040,16339048,2015,Honda,Accord EX,19998.0
1041,16450850,2017,Honda,Accord EX-L,23998.0
1042,16339203,2017,Honda,Accord LX,18998.0
1043,16451131,2017,Honda,Civic EX,20998.0
1044,16450879,2016,Honda,CR-V Touring,26998.0
1045,16450858,2013,Honda,Fit Sport,13998.0
1046,16338609,2008,Honda,Fit,9599.0
1047,16339139,2013,Honda,Fit,12599.0
1048,16338920,2010,Honda,Insight EX,10998.0
1049,16171025,2010,Honda,Odyssey Touring,14998.0
1050,16338586,2008,Honda,Pilot SE,12998.0
1051,16339158,2013,Honda,Pilot Touring,24998.0
1052,16451068,2017,Honda,Pilot Touring,37998.0
1053,16339128,2008,Hyundai,Accent GLS,8998.0
1054,16450924,2009,Hyundai,Accent GLS,8998.0
1055,16339454,2015,Hyundai,Azera Limited,23998.0
1056,16338898,2013,Hyundai,Elantra GLS,11998.0
1057,16339064,2013,Hyundai,Elantra GLS,11599.0
1058,16327430,2015,Hyundai,Elantra GT,14599.0
1059,16338931,2013,Hyundai,Elantra Limited,12998.0
1060,16339131,2013,Hyundai,Elantra Limited,14998.0
1061,16238043,2015,Hyundai,Genesis,25998.0
1062,16328248,2017,Hyundai,Santa Fe SE,23998.0
1063,16328254,2017,Hyundai,Santa Fe SE,23998.0
1064,16339345,2017,Hyundai,Santa Fe Sport,19998.0
1065,16594397,2014,Hyundai,Sonata GLS,13599.0
1066,16327581,2017,Hyundai,Sonata SE,17599.0
1067,16339145,2015,Hyundai,Sonata Sport,13998.0
1068,16338814,2012,Infiniti,G37 Journey,16599.0
1069,16238235,2015,Infiniti,Q40,20599.0
1070,16568470,2018,Infiniti,Q50 Sport,33998.0
1071,16005138,2015,Infiniti,QX60,34998.0
1072,16339389,2016,Infiniti,QX60,28998.0
1073,15823488,2017,Jaguar,F-Pace R-Sport,48998.0
1074,16338953,2018,Jeep,Cherokee Overland,32998.0
1075,16450779,2014,Jeep,Grand Cherokee Laredo,22998.0
1076,16598141,2015,Jeep,Grand Cherokee Limited,28998.0
1077,16450865,2014,Jeep,Patriot Latitude,16998.0
1078,15104393,2017,Jeep,Patriot Sport,14599.0
1079,16338984,2015,Jeep,Patriot Sport,16998.0
1080,16171104,2016,Jeep,Renegade Latitude,17998.0
1081,15915277,2017,Jeep,Renegade Sport,19599.0
1082,16568478,2015,Jeep,Wrangler Unlimited Rubicon,34998.0
1083,16451077,2008,Jeep,Wrangler Unlimited Sahara,21998.0
1084,16328256,2018,Jeep,Wrangler Unlimited Sport,32998.0
1085,16568209,2015,Kia,Optima LX,13998.0
1086,16339347,2015,Kia,Sorento Limited,25998.0
1087,16339165,2014,Kia,Soul,10998.0
1088,16339266,2017,Kia,Sportage LX,20998.0
1089,16450796,2012,Kia,Sportage LX,13998.0
1090,16450973,2014,Lexus,ES 350,24998.0
1091,16450993,2015,Lexus,GS 350,25998.0
1092,16450953,2015,Lexus,IS 250,24998.0
1093,16450976,2015,Lexus,IS 250,28998.0
1094,16451000,2015,Lexus,IS 250,25998.0
1095,16451005,2015,Lexus,IS 250,22998.0
1096,16450891,2015,Lexus,NX 200t,29998.0
1097,16451003,2015,Lexus,RX 350 F-SPORT,33998.0
1098,16568473,2015,Lexus,RX 350 F-SPORT,33998.0
1099,16328249,2015,Lexus,RX 350,28998.0
1100,16328252,2015,Lexus,RX 350,28998.0
1101,16339342,2013,Lexus,RX 350,23998.0
1102,16450650,2015,Lexus,RX 350,30998.0
1103,16451002,2015,Lexus,RX 350,29998.0
1104,16216211,2015,Lincoln,MKC,20998.0
1105,16451144,2017,Mazda,CX-3 Touring,21998.0
1106,16451033,2011,Mazda,CX-7 I Touring,13599.0
1107,16451163,2017,Mazda,CX-9 Signature,36998.0
1108,16568206,2015,Mazda,Mazda6 I Grand Touring,18998.0
1109,16170816,2017,Mazda,Mazda6 I Touring,20998.0
1110,15237801,2014,Mercedes-Benz,B-Class electric drive,20599.0
1111,15777325,2012,Mercedes-Benz,C250,16998.0
1112,16005096,2013,Mercedes-Benz,C250,19998.0
1113,16338916,2011,Mercedes-Benz,C300 Sport,16599.0
1114,16238637,2017,Mitsubishi,Mirage G4 ES,9998.0
1115,16451025,2018,Mitsubishi,Outlander GT,24998.0
1116,16409232,2015,Nissan,Altima S,14998.0
1117,16005130,2008,Nissan,Altima SL,10599.0
1118,16339316,2017,Nissan,Altima SL,22998.0
1119,16339205,2017,Nissan,Armada Platinum,46998.0
1120,16450596,2010,Nissan,Frontier SE,17998.0
1121,16451182,2018,Nissan,Maxima SV,24998.0
1122,16328239,2018,Nissan,Pathfinder SL,29998.0
1123,15908979,2015,Nissan,Sentra SV,12998.0
1124,15308608,2015,Nissan,Titan PRO-4X,30998.0
1125,16451191,2018,Nissan,Titan SV,30998.0
1126,16497102,2014,Nissan,Versa SV,11599.0
1127,16339306,2010,Nissan,Xterra S,14599.0
1128,16451284,2015,Porsche,Macan S,46998.0
1129,15777922,2009,Saturn,Aura XR,8599.0
1130,16568214,2016,Scion,FR-S,20998.0
1131,16339280,2013,Scion,iQ,9998.0
1132,16250237,2012,Scion,xB,8998.0
1133,16171102,2016,Subaru,BRZ Premium,20599.0
1134,16339445,2017,Subaru,Crosstrek Premium,23998.0
1135,16339414,2015,Subaru,Forester 2.5i Premium,20998.0
1136,16451042,2013,Subaru,Forester 2.5X Premium,18998.0
1137,16250089,2014,Subaru,Legacy 2.5i Limited,14998.0
1138,16451085,2014,Subaru,Legacy 2.5i Limited,16998.0
1139,16450838,2015,Subaru,Legacy,17998.0
1140,16339477,2018,Subaru,WRX Limited,30998.0
1141,16339111,2014,Subaru,XV Crosstrek Limited,16998.0
1142,16339323,2016,Toyota,4Runner Trail Premium,38998.0
1143,16450992,2015,Toyota,Avalon XLE Touring,23998.0
1144,16339256,2012,Toyota,Camry LE,12998.0
1145,16450960,2016,Toyota,Camry LE,15998.0
1146,16450981,2015,Toyota,Camry LE,16998.0
1147,16451007,2015,Toyota,Camry LE,16998.0
1148,15915635,2015,Toyota,Camry SE,16998.0
1149,16338858,2012,Toyota,Camry SE,13998.0
1150,16339122,2014,Toyota,Camry SE,17998.0
1151,16450955,2015,Toyota,Camry SE,16998.0
1152,16451060,2017,Toyota,Camry SE,15998.0
1153,16568179,2016,Toyota,Camry SE,16998.0
1154,16568434,2017,Toyota,Camry SE,17998.0
1155,15660603,2009,Toyota,Camry,10998.0
1156,16450947,2015,Toyota,Corolla L,13998.0
1157,16339263,2014,Toyota,Corolla LE Eco Plus,13599.0
1158,16450675,2015,Toyota,Corolla S Plus,16998.0
1159,16450988,2015,Toyota,Corolla S Plus,16998.0
1160,16450889,2015,Toyota,Highlander Hybrid Limited,35998.0
1161,16451129,2014,Toyota,Prius Three,16998.0
1162,16339021,2013,Toyota,Prius Two,15599.0
1163,16339065,2013,Toyota,Prius Two,14998.0
1164,16450956,2015,Toyota,Prius Two,16998.0
1165,16450962,2015,Toyota,Prius Two,17998.0
1166,16450978,2015,Toyota,Prius c Two,15998.0
1167,16058550,2017,Toyota,Prius Prime Hybrid ADVANCED,29998.0
1168,16238719,2013,Toyota,RAV4 Limited,22998.0
1169,16450942,2015,Toyota,Sienna XLE,27998.0
1170,15574461,2008,Toyota,Tacoma PreRunner,16998.0
1171,16450995,2015,Toyota,Venza LE,18998.0
1172,16339310,2013,Toyota,Yaris LE,11998.0
1173,16451001,2014,Volkswagen,CC R-Line,17998.0
1174,16338668,2015,Volkswagen,CC Sport,15998.0
1175,16338777,2011,Volkswagen,CC Sport,12998.0
1176,16451016,2013,Volkswagen,Eos Executive,16998.0
1177,16004684,2015,Volkswagen,Jetta GLI SEL,18998.0
1178,16338982,2012,Volkswagen,Jetta SE,13998.0
1179,16450802,2017,Volkswagen,Passat S,16998.0
1180,16450608,2015,Volkswagen,Passat Wolfsburg Edition,13998.0
1181,16338727,2013,Volkswagen,Touareg Sport,22998.0
1182,16250646,2015,Volvo,S60 T5 Premier,16998.0
1183,16327518,2016,Acura,ILX,18998.0
1184,16057238,2013,Audi,Q7 Premium,25998.0
1185,16339007,2012,BMW,335 is,24998.0
1186,15574470,2014,BMW,X1 XDrive28i,19998.0
1187,15919739,2009,BMW,Z4 3.5i,19998.0
1188,16568431,2015,Buick,Enclave Premium,30998.0
1189,16327738,2013,Buick,LaCrosse Leather,14599.0
1190,16450851,2012,Buick,LaCrosse Premium,15998.0
1191,16327612,2015,Buick,Verano,14599.0
1192,16170976,2016,Chevrolet,Camaro LT,20998.0
1193,16171173,2012,Chevrolet,Cruze ECO,10998.0
1194,16237767,2016,Chevrolet,Cruze LS,13998.0
1195,15428732,2016,Chevrolet,Impala LT,17998.0
1196,16327766,2012,Chevrolet,Impala LT,10599.0
1197,16327821,2012,Chevrolet,Malibu LT,10998.0
1198,16348447,2017,Chevrolet,Malibu LT,17998.0
1199,16005537,2014,Chevrolet,Silverado 1500 LTZ,27998.0
1200,16348473,2015,Chevrolet,Trax LS,14599.0
1201,16328039,2017,Chevrolet,Volt LT,23998.0
1202,16327983,2016,Chrysler,200 Limited,13998.0
1203,16238693,2017,Chrysler,300 Limited,22998.0
1204,16327862,2010,Dodge,Avenger SXT,8998.0
1205,16250256,2014,Dodge,Challenger SXT,17998.0
1206,16328170,2014,Dodge,Challenger SXT,18998.0
1207,15429125,2015,Dodge,Charger SXT,19998.0
1208,16183041,2015,Dodge,Durango Citadel,34998.0
1209,15914556,2017,Dodge,Durango R/T,38998.0
1210,16328006,2014,Dodge,Grand Caravan SXT,16599.0
1211,16327792,2011,Dodge,Nitro SXT,15599.0
1212,16327966,2015,Dodge,Ram 1500 Bighorn,30998.0
1213,15429008,2016,Dodge,Ram 1500 Express,22998.0
1214,15817061,2014,Dodge,Ram 1500 Express,19998.0
1215,16597245,2015,Dodge,Ram 1500 Laramie,32998.0
1216,16328265,2017,Dodge,Ram 1500 Laramie Longhorn,42998.0
1217,16327980,2017,Dodge,Ram 1500 Rebel,41998.0
1218,16328020,2016,Dodge,Ram 1500 Rebel,34998.0
1219,16327573,2014,Dodge,Ram 1500 SLT,24998.0
1220,16237409,2015,Dodge,Ram 1500 Tradesman,16998.0
1221,16328059,2013,Fiat,500 Abarth,15998.0
1222,16327912,2016,Ford,Escape SE,21998.0
1223,16327914,2016,Ford,Escape SE,17998.0
1224,16327922,2016,Ford,Escape SE,18998.0
1225,16327995,2015,Ford,Escape SE,18599.0
1226,16327997,2016,Ford,Escape SE,21599.0
1227,16324239,2016,Ford,Explorer Sport,36998.0
1228,16327887,2014,Ford,Explorer Sport,34998.0
1229,16327982,2016,Ford,F150 XL,25998.0
1230,16328233,2016,Ford,F150 XLT,34998.0
1231,16327931,2015,Ford,Fiesta S,10599.0
1232,16327934,2017,Ford,Focus S,12998.0
1233,16327928,2015,Ford,Focus SE,12998.0
1234,16171194,2009,Ford,Focus SES,7599.0
1235,15915482,2016,Ford,Fusion SE,13998.0
1236,16238223,2016,Ford,Fusion SE,14599.0
1237,16238336,2013,Ford,Fusion SE,10998.0
1238,16327948,2016,Ford,Fusion SE,15599.0
1239,16327991,2016,Ford,Fusion SE,16998.0
1240,16568110,2017,Ford,Fusion SE,17998.0
1241,16005416,2014,Ford,Fusion Energi SE,14998.0
1242,16327942,2015,Ford,Fusion Hybrid SE,16998.0
1243,16327832,2010,Ford,Mustang GT,16998.0
1244,16004348,2012,Ford,Taurus SEL,10998.0
1245,16238265,2017,Ford,Transit 350 XLT,29998.0
1246,16328066,2014,GMC,Acadia SLE,22998.0
1247,16328173,2018,GMC,Acadia SLE,27998.0
1248,15915171,2009,GMC,Sierra 1500 SLE,21998.0
1249,16005129,2017,GMC,Sierra 1500 SLT,40998.0
1250,15777010,2017,Honda,Accord EX,20599.0
1251,16130811,2015,Honda,Accord LX-S,16998.0
1252,15660682,2011,Honda,Civic EX,11998.0
1253,16328125,2015,Honda,CR-Z,15998.0
1254,16170849,2016,Honda,Pilot EX-L,33998.0
1255,16327725,2014,Hyundai,Sonata GLS,12599.0
1256,16450887,2011,Hyundai,Sonata GLS,10599.0
1257,16238350,2012,Hyundai,Sonata Limited,12998.0
1258,16328088,2017,Hyundai,Sonata,14599.0
1259,16324001,2015,Hyundai,Sonata Hybrid,15998.0
1260,16237873,2016,Hyundai,Tucson Limited,21998.0
1261,16238651,2017,Hyundai,Tucson SE Plus,23998.0
1262,15908458,2017,Hyundai,Tucson Value,24998.0
1263,16327890,2013,Hyundai,Veloster Turbo,13998.0
1264,16189950,2017,Infiniti,Q50 Sport,33998.0
1265,16328195,2013,Infiniti,QX56,34998.0
1266,15777115,2014,Infiniti,QX60,25998.0
1267,16327847,2017,Jeep,Cherokee Overland,30998.0
1268,16005516,2010,Jeep,Patriot Sport,10998.0
1269,16328315,2015,Jeep,Renegade Latitude,19998.0
1270,15914187,2014,Jeep,Wrangler Sport,24998.0
1271,15915160,2014,Jeep,Wrangler Unlimited Rubicon,34998.0
1272,16328040,2008,Jeep,Wrangler Unlimited Sahara,19998.0
1273,15915398,2015,Kia,Forte EX,14998.0
1274,16328224,2015,Kia,Forte EX,12998.0
1275,16237508,2017,Kia,Forte LX,13998.0
1276,16327743,2017,Kia,Forte LX,13998.0
1277,16327985,2016,Kia,Forte LX,12998.0
1278,16327958,2015,Kia,Optima LX,14998.0
1279,15915412,2016,Kia,Optima SX,21998.0
1280,16322940,2015,Kia,Sedona EX,21998.0
1281,16328104,2015,Kia,Soul,10998.0
1282,16250633,2013,Kia,Sportage EX,15998.0
1283,15401551,2015,Land,Rover Range Rover Sport SE,49998.0
1284,14898610,2014,Lexus,CT 200h,16998.0
1285,16104090,2017,Lexus,GX 460,46998.0
1286,16450883,2010,Lexus,IS 250,14599.0
1287,15914853,2015,Lexus,RX 350,32998.0
1288,16450629,2015,Lexus,RX 350,28998.0
1289,16171406,2013,Mazda,CX-9 Touring,19998.0
1290,16327883,2010,Mazda,Mazda3 I,10998.0
1291,15908637,2016,Mazda,Mazda3 i Sport,15998.0
1292,16250226,2011,Mazda,Mazda3 S,10998.0
1293,15795867,2016,Mercedes-Benz,C450 AMG,45998.0
1294,16238813,2016,Mercedes-Benz,GLA250,24998.0
1295,16328306,2013,Mini,Cooper,12599.0
1296,15238975,2015,Mini,Cooper Hardtop,14599.0
1297,16328154,2012,Mitsubishi,Eclipse GS Sport,11998.0
1298,16327884,2009,Mitsubishi,Lancer GTS,10599.0
1299,16328176,2012,Nissan,Altima S,11599.0
